<?xml version="1.0" encoding="UTF-8"?>
<project-private xmlns="http://www.netbeans.org/ns/project-private/1">
    <editor-bookmarks xmlns="http://www.netbeans.org/ns/editor-bookmarks/2" lastBookmarkId="0"/>
    <open-files xmlns="http://www.netbeans.org/ns/projectui-open-files/2">
        <group>
            <file>file:/Users/aamirshahab/PharmacyManagementSystem/web/index.jsp</file>
            <file>file:/Users/aamirshahab/PharmacyManagementSystem/web/login.jsp</file>
            <file>file:/Users/aamirshahab/PharmacyManagementSystem/web/css/style.css</file>
            <file>file:/Users/aamirshahab/PharmacyManagementSystem/web/SignUpActionPatient.jsp</file>
            <file>file:/Users/aamirshahab/PharmacyManagementSystem/web/singup.jsp</file>
        </group>
    </open-files>
</project-private>
